Date,Close
2018/2/1,9224.52
2018/2/2,8873.03
2018/2/3,9199.96
2018/2/4,8184.81
2018/2/5,6939.99
2018/2/6,7652.14
2018/2/7,7599
2018/2/8,7784.02
2018/2/9,8683.92
2018/2/10,8533.98
2018/2/11,8063.88
2018/2/12,8903
2018/2/13,8539.9
2018/2/14,9449.99
2018/2/15,10000.09
2018/2/16,10159.98
2018/2/17,11039.55
2018/2/18,10383.43
2018/2/19,11153
2018/2/20,11200.99
2018/2/21,10437.6
2018/2/22,9811.04
2018/2/23,10131.04
2018/2/24,9694.51
2018/2/25,9590
2018/2/26,10324
2018/2/27,10569.04
2018/2/28,10326.76
2018/3/1,10920
2018/3/2,11039
2018/3/3,11464.48
2018/3/4,11515
2018/3/5,11454
2018/3/6,10716.48
2018/3/7,9910
2018/3/8,9271.64
2018/3/9,9227
2018/3/10,8770.22
2018/3/11,9533.57
2018/3/12,9131.34
2018/3/13,9150
2018/3/14,8170
2018/3/15,8240.98
2018/3/16,8260
2018/3/17,7824.8
2018/3/18,8189.99
2018/3/19,8600
2018/3/20,8909.98
2018/3/21,8885
2018/3/22,8722.9
2018/3/23,8898.03
2018/3/24,8546.86
2018/3/25,8470.15
2018/3/26,8134.23
2018/3/27,7795.51
2018/3/28,7949.3
2018/3/29,7090.14
2018/3/30,6840.23
2018/3/31,6923.91
2018/4/1,6813.01
2018/4/2,7056
2018/4/3,7405.21
2018/4/4,6796.1
2018/4/5,6770.76
2018/4/6,6601.39
2018/4/7,6895.8
2018/4/8,7018
2018/4/9,6782.72
2018/4/10,6843.9
2018/4/11,6953.79
2018/4/12,7923
2018/4/13,7877.41
2018/4/14,7999.01
2018/4/15,8355
2018/4/16,8064.92
2018/4/17,7885.02
2018/4/18,8173
2018/4/19,8278
2018/4/20,8856.98
2018/4/21,8915.31
2018/4/22,8787.02
2018/4/23,8934.01
2018/4/24,9619.99
2018/4/25,8869.99
2018/4/26,9266
2018/4/27,8915.35
2018/4/28,9348
2018/4/29,9419
2018/4/30,9246.01
2018/5/1,9071.48
2018/5/2,9247.84
2018/5/3,9750
2018/5/4,9713.99
2018/5/5,9864
2018/5/6,9659.01
2018/5/7,9365
2018/5/8,9187.56
2018/5/9,9310
2018/5/10,9002.2
2018/5/11,8400
2018/5/12,8465.94
2018/5/13,8679.71
2018/5/14,8663.34
2018/5/15,8462
2018/5/16,8330
2018/5/17,8041.46
2018/5/18,8239.81
2018/5/19,8233.49
2018/5/20,8526.98
2018/5/21,8381.24
2018/5/22,7977.11
2018/5/23,7501.95
2018/5/24,7575.01
2018/5/25,7457
2018/5/26,7333.96
2018/5/27,7338.99
2018/5/28,7099
2018/5/29,7461.29
2018/5/30,7375.96
2018/5/31,7485.01
2018/6/1,7521.01
2018/6/2,7640.03
2018/6/3,7714.26
2018/6/4,7487
2018/6/5,7625
2018/6/6,7658.84
2018/6/7,7691.08
2018/6/8,7603.44
2018/6/9,7491.73
2018/6/10,6764.99
2018/6/11,6872
2018/6/12,6530
2018/6/13,6292.78
2018/6/14,6635.98
2018/6/15,6388.9
2018/6/16,6483.98
2018/6/17,6449.61
2018/6/18,6712.46
2018/6/19,6741.21
2018/6/20,6761.51
2018/6/21,6718.84
2018/6/22,6045
2018/6/23,6149.98
2018/6/24,6136.97
2018/6/25,6252
2018/6/26,6070.78
2018/6/27,6133.73
2018/6/28,5853.98
2018/6/29,6197.92
2018/6/30,6390.07
2018/7/1,6356.81
2018/7/2,6615.29
2018/7/3,6513.86
2018/7/4,6586.98
2018/7/5,6529.2
2018/7/6,6609.78
2018/7/7,6756.98
2018/7/8,6712.1
2018/7/9,6662.12
2018/7/10,6296.91
2018/7/11,6378.07
2018/7/12,6250.57
2018/7/13,6214.57
2018/7/14,6251.99
2018/7/15,6353.01
2018/7/16,6723.35
2018/7/17,7317.44
2018/7/18,7381.9
2018/7/19,7466.21
2018/7/20,7337.53
2018/7/21,7398.78
2018/7/22,7394.79
2018/7/23,7721.01
2018/7/24,8397.24
2018/7/25,8175.64
2018/7/26,7920
2018/7/27,8188.57
2018/7/28,8225.04
2018/7/29,8211
2018/7/30,8173.92
2018/7/31,7730.93
2018/8/1,7604.58
2018/8/2,7525.71
2018/8/3,7418.78
2018/8/4,7009.84
2018/8/5,7024.19
2018/8/6,6934.82
2018/8/7,6720.06
2018/8/8,6285
2018/8/9,6529.79
2018/8/10,6144.01
2018/8/11,6232.35
2018/8/12,6308.33
2018/8/13,6246.35
2018/8/14,6188.08
2018/8/15,6267.16
2018/8/16,6311.75
2018/8/17,6584.49
2018/8/18,6387.96
2018/8/19,6477.53
2018/8/20,6254.84
2018/8/21,6480
2018/8/22,6360.89
2018/8/23,6525.01
2018/8/24,6681.64
2018/8/25,6733.64
2018/8/26,6700
2018/8/27,6908.64
2018/8/28,7076.11
2018/8/29,7031.22
2018/8/30,6984.84
2018/8/31,7011.21
2018/9/1,7200.01
2018/9/2,7302.01
2018/9/3,7263.02
2018/9/4,7359.06
2018/9/5,6700
2018/9/6,6516.01
2018/9/7,6395.54
2018/9/8,6185.05
2018/9/9,6250.81
2018/9/10,6312
2018/9/11,6294.91
2018/9/12,6338.62
2018/9/13,6487.38
2018/9/14,6476.63
2018/9/15,6514.96
2018/9/16,6505
2018/9/17,6248.69
2018/9/18,6336.45
2018/9/19,6391.89
2018/9/20,6492
2018/9/21,6759.02
2018/9/22,6723.05
2018/9/23,6708
2018/9/24,6581.39
2018/9/25,6447.54
2018/9/26,6465.12
2018/9/27,6689.13
2018/9/28,6634.58
2018/9/29,6596.38
2018/9/30,6626.57
2018/10/1,6611.61
2018/10/2,6525.79
2018/10/3,6510
2018/10/4,6593.79
2018/10/5,6635.65
2018/10/6,6594.27
2018/10/7,6615.26
2018/10/8,6673.01
2018/10/9,6656.61
2018/10/10,6631
2018/10/11,6252.68
2018/10/12,6298.01
2018/10/13,6332.93
2018/10/14,6339.34
2018/10/15,6752.5
2018/10/16,6759.27
2018/10/17,6740.89
2018/10/18,6618.96
2018/10/19,6528.88
2018/10/20,6588.4
2018/10/21,6590.11
2018/10/22,6581.2
2018/10/23,6553.51
2018/10/24,6565.5
2018/10/25,6528.09
2018/10/26,6538.63
2018/10/27,6505.6
2018/10/28,6489.93
2018/10/29,6344.5
2018/10/30,6330.87
2018/10/31,6371.93
2018/11/1,6410
2018/11/2,6433.98
2018/11/3,6387.09
2018/11/4,6485.85
2018/11/5,6468.99
2018/11/6,6519.11
2018/11/7,6578.46
2018/11/8,6479.84
2018/11/9,6419.99
2018/11/10,6433.05
2018/11/11,6449.81
2018/11/12,6453.07
2018/11/13,6457.66
2018/11/14,5922.41
2018/11/15,5753.4
2018/11/16,5655.94
2018/11/17,5628.29
2018/11/18,5662
2018/11/19,4910.03
2018/11/20,4558.86
2018/11/21,4661.07
2018/11/22,4370
2018/11/23,4420.61
2018/11/24,3932.44
2018/11/25,4085.78
2018/11/26,3862.2
2018/11/27,3875.21
2018/11/28,4264.85
2018/11/29,4295.84
2018/11/30,4041.32
2018/12/1,4190.02
2018/12/2,4161.01
2018/12/3,3884.01
2018/12/4,3951.64
2018/12/5,3769.84
2018/12/6,3508.75
2018/12/7,3403.55
2018/12/8,3410.93
2018/12/9,3545.37
2018/12/10,3432.88
2018/12/11,3380.39
2018/12/12,3445
2018/12/13,3302.06
2018/12/14,3224.17
2018/12/15,3211.72
2018/12/16,3228.67
2018/12/17,3509.08
2018/12/18,3652.98
2018/12/19,3662.22
2018/12/20,4049.62
2018/12/21,3838.66
2018/12/22,3948.91
2018/12/23,3929.71
2018/12/24,4008.01
2018/12/25,3745.79
2018/12/26,3777.74
2018/12/27,3567.91
2018/12/28,3839.26
2018/12/29,3695.32
2018/12/30,3801.91
2018/12/31,3702.9
2019/1/1,3797.14
2019/1/2,3858.56
2019/1/3,3766.78
2019/1/4,3792.01
2019/1/5,3770.96
2019/1/6,3987.6
2019/1/7,3975.45
2019/1/8,3955.13
2019/1/9,3966.65
2019/1/10,3585.88
2019/1/11,3601.31
2019/1/12,3583.13
2019/1/13,3476.81
2019/1/14,3626.09
2019/1/15,3553.06
2019/1/16,3591.84
2019/1/17,3616.21
2019/1/18,3594.87
2019/1/19,3665.3
2019/1/20,3539.28
2019/1/21,3526.9
2019/1/22,3570.93
2019/1/23,3552.82
2019/1/24,3569.62
2019/1/25,3565.29
2019/1/26,3565.25
2019/1/27,3550.84
2019/1/28,3434.15
2019/1/29,3411.04
2019/1/30,3458.18
2019/1/31,3434.1
2019/2/1,3462.07
2019/2/2,3504.77
2019/2/3,3458.11
2019/2/4,3463.22
2019/2/5,3471.59
2019/2/6,3405.37
2019/2/7,3398.4
2019/2/8,3659.04
2019/2/9,3665.18
2019/2/10,3680.06
2019/2/11,3631.05
2019/2/12,3631.46
2019/2/13,3609.4
2019/2/14,3590.56
2019/2/15,3602.47
2019/2/16,3618.41
2019/2/17,3667.58
2019/2/18,3898.6
2019/2/19,3907.79
2019/2/20,3969.74
2019/2/21,3937.31
2019/2/22,3962
2019/2/23,4117.76
2019/2/24,3743.56
2019/2/25,3827.92
2019/2/26,3809.23
2019/2/27,3818.07
2019/2/28,3813.69
2019/3/1,3823
2019/3/2,3819.93
2019/3/3,3807.75
2019/3/4,3715.3
2019/3/5,3857.73
2019/3/6,3861.84
2019/3/7,3873.64
2019/3/8,3864.89
2019/3/9,3943.04
2019/3/10,3916.82
2019/3/11,3871.61
2019/3/12,3882.73
2019/3/13,3866
2019/3/14,3877.12
2019/3/15,3923.76
2019/3/16,4005.98
2019/3/17,3981.14
2019/3/18,3987.81
2019/3/19,4015.53
2019/3/20,4043.04
2019/3/21,3980.64
2019/3/22,3986.93
2019/3/23,4006.01
2019/3/24,3992.18
2019/3/25,3936.12
2019/3/26,3948.55
2019/3/27,4038.05
2019/3/28,4027.81
2019/3/29,4103.25
2019/3/30,4106.97
2019/3/31,4103.95
2019/4/1,4144.56
2019/4/2,4857.29
2019/4/3,4932.6
2019/4/4,4898.66
2019/4/5,5004.95
2019/4/6,5043.89
2019/4/7,5170.27
2019/4/8,5236.9
2019/4/9,5150
2019/4/10,5308.25
2019/4/11,5017.37
2019/4/12,5048.01
2019/4/13,5045.22
2019/4/14,5131.3
2019/4/15,5024.95
2019/4/16,5173.72
2019/4/17,5202.82
2019/4/18,5258.44
2019/4/19,5258.68
2019/4/20,5291.73
2019/4/21,5256.14
2019/4/22,5357.14
2019/4/23,5493.31
2019/4/24,5415
2019/4/25,5219.9
2019/4/26,5314.1
2019/4/27,5295.69
2019/4/28,5307.52
2019/4/29,5238.14
2019/4/30,5320.81
2019/5/1,5383.2
2019/5/2,5492.87
2019/5/3,5772.69
2019/5/4,5829.45
2019/5/5,5775.62
2019/5/6,5747.79
2019/5/7,5846.34
2019/5/8,5987.29
2019/5/9,6209.18
2019/5/10,6373.33
2019/5/11,7076.22
2019/5/12,6967.31
2019/5/13,7790.71
2019/5/14,7947.56
2019/5/15,8169.87
2019/5/16,7866.59
2019/5/17,7355.26
2019/5/18,7257.45
2019/5/19,8148.48
2019/5/20,7938.15
2019/5/21,7904.87
2019/5/22,7628.43
2019/5/23,7851.51
2019/5/24,7964.87
2019/5/25,8025.41
2019/5/26,8614.43
2019/5/27,8756.32
2019/5/28,8715.64
2019/5/29,8645.68
2019/5/30,8269.54
2019/5/31,8555
2019/6/1,8544.07
2019/6/2,8725.98
2019/6/3,8115.82
2019/6/4,7687.03
2019/6/5,7776.5
2019/6/6,7786.7
2019/6/7,7980.53
2019/6/8,7893.62
2019/6/9,7628.13
2019/6/10,7982.75
2019/6/11,7884.9
2019/6/12,8127.64
2019/6/13,8218.54
2019/6/14,8650
2019/6/15,8808.7
2019/6/16,8953.33
2019/6/17,9313.96
2019/6/18,9081.55
2019/6/19,9255.49
2019/6/20,9517.12
2019/6/21,10159.86
2019/6/22,10729.5
2019/6/23,10906.07
2019/6/24,11056.59
2019/6/25,11820.86
2019/6/26,13093.8
2019/6/27,11329.99
2019/6/28,12400.63
2019/6/29,11903.13
2019/6/30,10854.1
2019/7/1,10624.93
2019/7/2,10842.85
2019/7/3,11940
2019/7/4,11145.67
2019/7/5,10970.73
2019/7/6,11256.49
2019/7/7,11406.24
2019/7/8,12238.6
2019/7/9,12543.41
2019/7/10,12108.37
2019/7/11,11342.89
2019/7/12,11757.22
2019/7/13,11355.76
2019/7/14,10174.18
2019/7/15,10838.72
2019/7/16,9439.59
2019/7/17,9667.92
2019/7/18,10627.16
2019/7/19,10504.29
2019/7/20,10740.23
2019/7/21,10589.45
2019/7/22,10340.31
2019/7/23,9864.91
2019/7/24,9763.28
2019/7/25,9879.87
2019/7/26,9824
2019/7/27,9476.52
2019/7/28,9541.54
2019/7/29,9507.64
2019/7/30,9574.21
2019/7/31,10080.53
2019/8/1,10374.99
2019/8/2,10523.75
2019/8/3,10816.86
2019/8/4,10929.23
2019/8/5,11828.8
2019/8/6,11481.69
2019/8/7,11975.03
2019/8/8,11999.77
2019/8/9,11879.99
2019/8/10,11309.31
2019/8/11,11549.97
2019/8/12,11396.08
2019/8/13,10892.71
2019/8/14,10050.37
2019/8/15,10293.93
2019/8/16,10331.54
2019/8/17,10216.02
2019/8/18,10306.78
2019/8/19,10915.54
2019/8/20,10760.51
2019/8/21,10142.57
2019/8/22,10099.88
2019/8/23,10389.55
2019/8/24,10134.35
2019/8/25,10142.69
2019/8/26,10372.25
2019/8/27,10185.05
2019/8/28,9721
2019/8/29,9498.44
2019/8/30,9584.54
2019/8/31,9587.47
2019/9/1,9724.98
2019/9/2,10340
2019/9/3,10615.28
2019/9/4,10567.02
2019/9/5,10564.49
2019/9/6,10298.73
2019/9/7,10455.88
2019/9/8,10381.18
2019/9/9,10303.12
2019/9/10,10098.15
2019/9/11,10158.33
2019/9/12,10415.01
2019/9/13,10342.06
2019/9/14,10335.02
2019/9/15,10302.01
2019/9/16,10251.31
2019/9/17,10187.82
2019/9/18,10156.99
2019/9/19,10244.29
2019/9/20,10168.59
2019/9/21,9986.39
2019/9/22,10028.87
2019/9/23,9702.25
2019/9/24,8493.14
2019/9/25,8430.05
2019/9/26,8063.73
2019/9/27,8177.91
2019/9/28,8198.81
2019/9/29,8043.82
2019/9/30,8289.34
2019/10/1,8292.44
2019/10/2,8359.94
2019/10/3,8223.96
2019/10/4,8137.13
2019/10/5,8126.19
2019/10/6,7854.25
2019/10/7,8190.09
2019/10/8,8168.39
2019/10/9,8560.74
2019/10/10,8558.03
2019/10/11,8258.5
2019/10/12,8300.09
2019/10/13,8275.01
2019/10/14,8348.2
2019/10/15,8159.29
2019/10/16,7991.74
2019/10/17,8070.58
2019/10/18,7947.01
2019/10/19,7948.01
2019/10/20,8223.35
2019/10/21,8197.27
2019/10/22,8020
2019/10/23,7466.62
2019/10/24,7412.41
2019/10/25,8655.02
2019/10/26,9230
2019/10/27,9529.93
2019/10/28,9205.14
2019/10/29,9407.62
2019/10/30,9154.72
2019/10/31,9140.85
2019/11/1,9231.61
2019/11/2,9289.52
2019/11/3,9194.71
2019/11/4,9393.35
2019/11/5,9308.66
2019/11/6,9339.05
2019/11/7,9216.2
2019/11/8,8773.73
2019/11/9,8809.41
2019/11/10,9039.47
2019/11/11,8733.27
2019/11/12,8821.94
2019/11/13,8777.12
2019/11/14,8646.68
2019/11/15,8471.73
2019/11/16,8491.02
2019/11/17,8502.4
2019/11/18,8187.17
2019/11/19,8133.64
2019/11/20,8098.01
2019/11/21,7627.74
2019/11/22,7268.23
2019/11/23,7311.57
2019/11/24,6903.28
2019/11/25,7109.57
2019/11/26,7156.14
2019/11/27,7508.52
2019/11/28,7419.49
2019/11/29,7739.68
2019/11/30,7541.89
2019/12/1,7390.89
2019/12/2,7294.28
2019/12/3,7292.71
2019/12/4,7194.32
2019/12/5,7389
2019/12/6,7527.47
2019/12/7,7488.21
2019/12/8,7510.11
2019/12/9,7338.64
2019/12/10,7224.13
2019/12/11,7210
2019/12/12,7198.08
2019/12/13,7258.48
2019/12/14,7064.05
2019/12/15,7118.59
2019/12/16,6891.72
2019/12/17,6623.82
2019/12/18,7277.83
2019/12/19,7150.3
2019/12/20,7187.83
2019/12/21,7132.75
2019/12/22,7501.44
2019/12/23,7317.09
2019/12/24,7255.77
2019/12/25,7204.63
2019/12/26,7202
2019/12/27,7254.74
2019/12/28,7316.14
2019/12/29,7388.24
2019/12/30,7246
2019/12/31,7195.23
2020/1/1,7200.85
2020/1/2,6965.71
2020/1/3,7344.96
2020/1/4,7354.11
2020/1/5,7358.75
2020/1/6,7758
2020/1/7,8145.28
2020/1/8,8055.98
2020/1/9,7817.76
2020/1/10,8197.02
2020/1/11,8020.01
2020/1/12,8184.98
2020/1/13,8110.34
2020/1/14,8810.01
2020/1/15,8821.41
2020/1/16,8720.01
2020/1/17,8913.28
2020/1/18,8915.96
2020/1/19,8701.7
2020/1/20,8642.35
2020/1/21,8736.03
2020/1/22,8682.36
2020/1/23,8404.52
2020/1/24,8439
2020/1/25,8340.58
2020/1/26,8615
2020/1/27,8907.57
2020/1/28,9374.21
2020/1/29,9301.53
2020/1/30,9513.21
2020/1/31,9352.89
2020/2/1,9384.61
2020/2/2,9331.51
2020/2/3,9292.24
2020/2/4,9197.02
2020/2/5,9612.04
2020/2/6,9772
2020/2/7,9813.73
2020/2/8,9895.05
2020/2/9,10151.75
2020/2/10,9851.83
2020/2/11,10223.08
2020/2/12,10326.46
2020/2/13,10229.63
2020/2/14,10344.36
2020/2/15,9904.72
2020/2/16,9917.27
2020/2/17,9706
2020/2/18,10164.71
2020/2/19,9593.79
2020/2/20,9596.42
2020/2/21,9677.05
2020/2/22,9650.86
2020/2/23,9936.4
2020/2/24,9656.13
2020/2/25,9315.84
2020/2/26,8785.25
2020/2/27,8823.21
2020/2/28,8692.91
2020/2/29,8523.61
2020/3/1,8531.88
2020/3/2,8915.24
2020/3/3,8760.07
2020/3/4,8750.87
2020/3/5,9054.68
2020/3/6,9131.88
2020/3/7,8886.66
2020/3/8,8033.31
2020/3/9,7929.87
2020/3/10,7894.56
2020/3/11,7934.52
2020/3/12,4800
2020/3/13,5578.6
2020/3/14,5172.06
2020/3/15,5361.3
2020/3/16,5028.97
2020/3/17,5312.64
2020/3/18,5393.04
2020/3/19,6162.37
2020/3/20,6208.36
2020/3/21,6186.98
2020/3/22,5816.19
2020/3/23,6467.31
2020/3/24,6744.72
2020/3/25,6677.43
2020/3/26,6737.36
2020/3/27,6359.11
2020/3/28,6236.65
2020/3/29,5881.42
2020/3/30,6394.38
2020/3/31,6410.44
2020/4/1,6642.92
2020/4/2,6794.09
2020/4/3,6734.1
2020/4/4,6856.99
2020/4/5,6772.78
2020/4/6,7329.9
2020/4/7,7197.32
2020/4/8,7361.28
2020/4/9,7283.54
2020/4/10,6858.92
2020/4/11,6876.83
2020/4/12,6903.79
2020/4/13,6837.91
2020/4/14,6868.7
2020/4/15,6621.24
2020/4/16,7101.94
2020/4/17,7027.55
2020/4/18,7248.6
2020/4/19,7120.74
2020/4/20,6826.83
2020/4/21,6841.37
2020/4/22,7125.14
2020/4/23,7482.39
2020/4/24,7505
2020/4/25,7538.67
2020/4/26,7693.1
2020/4/27,7774.62
2020/4/28,7738.98
2020/4/29,8778.57
2020/4/30,8620
2020/5/1,8826.96
2020/5/2,8972.05
2020/5/3,8894.16
2020/5/4,8871.96
2020/5/5,9021.83
2020/5/6,9142.92
2020/5/7,9986.4
2020/5/8,9800.01
2020/5/9,9539.4
2020/5/10,8722.77
2020/5/11,8561.52
2020/5/12,8810.79
2020/5/13,9309.37
2020/5/14,9791.98
2020/5/15,9316.42
2020/5/16,9381.27
2020/5/17,9680.04
2020/5/18,9733.93
2020/5/19,9775.53
2020/5/20,9511.43
2020/5/21,9068.65
2020/5/22,9170
2020/5/23,9179.15
2020/5/24,8720.34
2020/5/25,8900.35
2020/5/26,8841.18
2020/5/27,9204.07
2020/5/28,9575.89
2020/5/29,9427.07
2020/5/30,9697.72
2020/5/31,9448.27
2020/6/1,10200.77
2020/6/2,9518.04
2020/6/3,9666.24
2020/6/4,9789.06
2020/6/5,9621.16
2020/6/6,9666.3
2020/6/7,9746.99
2020/6/8,9782.01
2020/6/9,9772.43
2020/6/10,9885
2020/6/11,9280.4
2020/6/12,9465.13
2020/6/13,9473.34
2020/6/14,9342.1
2020/6/15,9426.02
2020/6/16,9525.59
2020/6/17,9465.14
2020/6/18,9386.32
2020/6/19,9310.23
2020/6/20,9358.95
2020/6/21,9294.69
2020/6/22,9685.69
2020/6/23,9624.89
2020/6/24,9296.49
2020/6/25,9249.49
2020/6/26,9162.21
2020/6/27,9012
2020/6/28,9116.35
2020/6/29,9192.56
2020/6/30,9138.55
2020/7/1,9232
2020/7/2,9086.54
2020/7/3,9058.26
2020/7/4,9135.46
2020/7/5,9069.41
2020/7/6,9344.2
2020/7/7,9257.39
2020/7/8,9436.06
2020/7/9,9232.43
2020/7/10,9288.34
2020/7/11,9234.03
2020/7/12,9302.75
2020/7/13,9242.62
2020/7/14,9255.85
2020/7/15,9197.6
2020/7/16,9133.72
2020/7/17,9154.32
2020/7/18,9170.28
2020/7/19,9208.99
2020/7/20,9160.78
2020/7/21,9390
2020/7/22,9518.16
2020/7/23,9603.27
2020/7/24,9537.8
2020/7/25,9700.42
2020/7/26,9931.54
2020/7/27,11029.96
2020/7/28,10906.27
2020/7/29,11100.53
2020/7/30,11099.61
2020/7/31,11335.46
2020/8/1,11801.17
2020/8/2,11071.35
2020/8/3,11219.81
2020/8/4,11191.97
2020/8/5,11744.91
2020/8/6,11762.46
2020/8/7,11594.23
2020/8/8,11761.41
2020/8/9,11681.68
2020/8/10,11892.92
2020/8/11,11392.08
2020/8/12,11564.33
2020/8/13,11780
2020/8/14,11760.54
2020/8/15,11852.4
2020/8/16,11911
2020/8/17,12281.13
2020/8/18,11945.01
2020/8/19,11754.59
2020/8/20,11853.55
2020/8/21,11531.34
2020/8/22,11662.96
2020/8/23,11648.13
2020/8/24,11748.2
2020/8/25,11318.42
2020/8/26,11461.43
2020/8/27,11330.38
2020/8/28,11526.91
2020/8/29,11465.84
2020/8/30,11711.16
2020/8/31,11649.51
2020/9/1,11921.97
2020/9/2,11388.54
2020/9/3,10140.85
2020/9/4,10446.25
2020/9/5,10166.69
2020/9/6,10256.2
2020/9/7,10373.44
2020/9/8,10126.65
2020/9/9,10219.2
2020/9/10,10336.87
2020/9/11,10387.89
2020/9/12,10440.92
2020/9/13,10332.83
2020/9/14,10671.77
2020/9/15,10785.31
2020/9/16,10954.01
2020/9/17,10939.99
2020/9/18,10933.39
2020/9/19,11080.65
2020/9/20,10920.28
2020/9/21,10417.22
2020/9/22,10529.61
2020/9/23,10241.46
2020/9/24,10736.32
2020/9/25,10686.67
2020/9/26,10728.6
2020/9/27,10774.25
2020/9/28,10696.12
2020/9/29,10840.48
2020/9/30,10776.59
2020/10/1,10619.13
2020/10/2,10570.4
2020/10/3,10542.06
2020/10/4,10666.63
2020/10/5,10792.21
2020/10/6,10599.66
2020/10/7,10666.39
2020/10/8,10925.57
2020/10/9,11050.64
2020/10/10,11293.22
2020/10/11,11369.02
2020/10/12,11528.25
2020/10/13,11420.56
2020/10/14,11417.89
2020/10/15,11505.12
2020/10/16,11319.32
2020/10/17,11360.2
2020/10/18,11503.14
2020/10/19,11751.47
2020/10/20,11909.99
2020/10/21,12780.96
2020/10/22,12968.52
2020/10/23,12923.07
2020/10/24,13111.73
2020/10/25,13028.83
2020/10/26,13052.19
2020/10/27,13636.17
2020/10/28,13266.4
2020/10/29,13455.7
2020/10/30,13560.1
2020/10/31,13791
2020/11/1,13761.5
2020/11/2,13549.37
2020/11/3,14023.53
2020/11/4,14144.01
2020/11/5,15590.02
2020/11/6,15579.92
2020/11/7,14818.3
2020/11/8,15475.1
2020/11/9,15328.41
2020/11/10,15297.21
2020/11/11,15684.24
2020/11/12,16291.86
2020/11/13,16320.7
2020/11/14,16070.45
2020/11/15,15957
2020/11/16,16713.57
2020/11/17,17659.38
2020/11/18,17776.12
2020/11/19,17802.82
2020/11/20,18655.67
2020/11/21,18703.8
2020/11/22,18414.43
2020/11/23,18368
2020/11/24,19160.01
2020/11/25,18719.11
2020/11/26,17149.47
2020/11/27,17139.52
2020/11/28,17719.85
2020/11/29,18184.99
2020/11/30,19695.87
2020/12/1,18764.96
2020/12/2,19204.09
2020/12/3,19421.9
2020/12/4,18650.52
2020/12/5,19147.66
2020/12/6,19359.4
2020/12/7,19166.9
2020/12/8,18324.11
2020/12/9,18541.28
2020/12/10,18254.63
2020/12/11,18036.53
2020/12/12,18808.69
2020/12/13,19174.99
2020/12/14,19273.14
2020/12/15,19426.43
2020/12/16,21335.52
2020/12/17,22797.16
2020/12/18,23107.39
2020/12/19,23821.61
2020/12/20,23455.52
2020/12/21,22719.71
2020/12/22,23810.79
2020/12/23,23232.76
2020/12/24,23729.2
2020/12/25,24712.47
2020/12/26,26493.39
2020/12/27,26281.66
2020/12/28,27079.41
2020/12/29,27385
2020/12/30,28875.54
2020/12/31,28923.63
2021/1/1,29331.69
2021/1/2,32178.33
2021/1/3,33000.05
2021/1/4,31988.71
2021/1/5,33949.53
2021/1/6,36769.36
2021/1/7,39432.28
2021/1/8,40582.81
2021/1/9,40088.22
2021/1/10,38150.02
2021/1/11,35404.47
2021/1/12,34051.24
2021/1/13,37371.38
2021/1/14,39144.5
2021/1/15,36742.22
2021/1/16,35994.98
2021/1/17,35828.61
2021/1/18,36631.27
2021/1/19,35891.49
2021/1/20,35468.23
2021/1/21,30850.13
2021/1/22,32945.17
2021/1/23,32078
2021/1/24,32259.9
2021/1/25,32254.2
2021/1/26,32467.77
2021/1/27,30366.15
2021/1/28,33364.86
2021/1/29,34252.2
2021/1/30,34262.88
2021/1/31,33092.98
2021/2/1,33526.37
2021/2/2,35466.24
2021/2/3,37618.87
2021/2/4,36936.66
2021/2/5,38290.24
2021/2/6,39186.94
2021/2/7,38795.69
2021/2/8,46374.87
2021/2/9,46420.42
2021/2/10,44807.58
2021/2/11,47969.51
2021/2/12,47287.6
2021/2/13,47153.69
2021/2/14,48577.79
2021/2/15,47911.1
2021/2/16,49133.45
2021/2/17,52119.71
2021/2/18,51552.6
2021/2/19,55906
2021/2/20,55841.19
2021/2/21,57408.57
2021/2/22,54087.67
2021/2/23,48891
2021/2/24,49676.2
2021/2/25,47073.73
2021/2/26,46276.87
2021/2/27,46106.43
2021/2/28,45135.66
2021/3/1,49587.03
2021/3/2,48440.65
2021/3/3,50349.37
2021/3/4,48374.09
2021/3/5,48751.71
2021/3/6,48882.2
2021/3/7,50971.75
2021/3/8,52375.17
2021/3/9,54884.5
2021/3/10,55851.59
2021/3/11,57773.16
2021/3/12,57221.72
2021/3/13,61188.39
2021/3/14,58968.31
2021/3/15,55605.2
2021/3/16,56900.75
2021/3/17,58912.97
2021/3/18,57648.16
2021/3/19,58030.01
2021/3/20,58102.28
2021/3/21,57351.56
2021/3/22,54083.25
2021/3/23,54340.89
2021/3/24,52303.65
2021/3/25,51293.78
2021/3/26,55025.59
2021/3/27,55817.14
2021/3/28,55777.63
2021/3/29,57635.47
2021/3/30,58746.57
2021/3/31,58740.55
2021/4/1,58720.44
2021/4/2,58950.01
2021/4/3,57051.94
2021/4/4,58202.01
2021/4/5,59129.99
2021/4/6,57991.15
2021/4/7,55953.45
2021/4/8,58077.52
2021/4/9,58142.54
2021/4/10,59769.13
2021/4/11,60002.43
2021/4/12,59860
2021/4/13,63575
2021/4/14,62959.53
2021/4/15,63159.98
2021/4/16,61334.8
2021/4/17,60006.66
2021/4/18,56150.01
2021/4/19,55633.14
2021/4/20,56425
2021/4/21,53787.63
2021/4/22,51690.96
2021/4/23,51125.14
2021/4/24,50047.84
2021/4/25,49066.77
2021/4/26,54001.39
2021/4/27,55011.97
2021/4/28,54846.22
2021/4/29,53555
2021/4/30,57694.27
2021/5/1,57800.37
2021/5/2,56578.21
2021/5/3,57169.39
2021/5/4,53200.01
2021/5/5,57436.11
2021/5/6,56393.68
2021/5/7,57314.75
2021/5/8,58862.05
2021/5/9,58240.84
2021/5/10,55816.14
2021/5/11,56670.02
2021/5/12,49631.32
2021/5/13,49670.97
2021/5/14,49841.45
2021/5/15,46762.99
2021/5/16,46431.5
2021/5/17,43538.04
2021/5/18,42849.78
2021/5/19,36690.09
2021/5/20,40526.64
2021/5/21,37252.01
2021/5/22,37449.73
2021/5/23,34655.25
2021/5/24,38796.29
2021/5/25,38324.72
2021/5/26,39241.91
2021/5/27,38529.98
2021/5/28,35663.49
2021/5/29,34605.15
2021/5/30,35641.27
2021/5/31,37253.81
2021/6/1,36693.09
2021/6/2,37568.68
2021/6/3,39246.79
2021/6/4,36829
2021/6/5,35513.2
2021/6/6,35796.31
2021/6/7,33552.79
2021/6/8,33380.81
2021/6/9,37388.05
2021/6/10,36675.72
2021/6/11,37331.98
2021/6/12,35546.11
2021/6/13,39020.57
2021/6/14,40516.29
2021/6/15,40144.04
2021/6/16,38349.01
2021/6/17,38092.97
2021/6/18,35819.84
2021/6/19,35483.72
2021/6/20,35600.16
2021/6/21,31608.93
2021/6/22,32509.56
2021/6/23,33678.07
2021/6/24,34663.09
2021/6/25,31584.45
2021/6/26,32283.65
2021/6/27,34700.34
2021/6/28,34494.89
2021/6/29,35911.73
2021/6/30,35045
2021/7/1,33504.69
2021/7/2,33786.55
2021/7/3,34669.13
2021/7/4,35286.51
2021/7/5,33690.14
2021/7/6,34220.01
2021/7/7,33862.12
2021/7/8,32875.71
2021/7/9,33815.81
2021/7/10,33502.87
2021/7/11,34258.99
2021/7/12,33086.63
2021/7/13,32729.77
2021/7/14,32820.02
2021/7/15,31880
2021/7/16,31383.87
2021/7/17,31520.07
2021/7/18,31778.56
2021/7/19,30839.65
2021/7/20,29790.35
2021/7/21,32144.51
2021/7/22,32287.83
2021/7/23,33634.09
2021/7/24,34258.14
2021/7/25,35381.02
2021/7/26,37237.6
2021/7/27,39457.87
2021/7/28,40019.56
2021/7/29,40016.48
2021/7/30,42206.37
2021/7/31,41461.83
2021/8/1,39845.44
2021/8/2,39147.82
2021/8/3,38207.05
2021/8/4,39723.18
2021/8/5,40862.46
2021/8/6,42836.87
2021/8/7,44572.54
2021/8/8,43794.37
2021/8/9,46253.4
2021/8/10,45584.99
2021/8/11,45511
2021/8/12,44399
2021/8/13,47800
2021/8/14,47068.51
2021/8/15,46973.82
2021/8/16,45901.29
2021/8/17,44695.95
2021/8/18,44705.29
2021/8/19,46760.62
2021/8/20,49322.47
2021/8/21,48821.87
2021/8/22,49239.22
2021/8/23,49488.85
2021/8/24,47674.01
2021/8/25,48973.32
2021/8/26,46843.87
2021/8/27,49069.9
2021/8/28,48895.35
2021/8/29,48767.83
2021/8/30,46982.91
2021/8/31,47100.89
2021/9/1,48810.52
2021/9/2,49246.64
2021/9/3,49999.14
2021/9/4,49915.64
2021/9/5,51756.88
2021/9/6,52663.9
2021/9/7,46863.73
2021/9/8,46048.31
2021/9/9,46395.14
2021/9/10,44850.91
2021/9/11,45173.69
2021/9/12,46025.24
2021/9/13,44940.73
2021/9/14,47111.52
2021/9/15,48121.41
2021/9/16,47737.82
2021/9/17,47299.98
2021/9/18,48292.74
2021/9/19,47241.75
2021/9/20,43015.62
2021/9/21,40734.38
2021/9/22,43543.61
2021/9/23,44865.26
2021/9/24,42810.57
2021/9/25,42670.64
2021/9/26,43160.9
2021/9/27,42147.35
2021/9/28,41026.54
2021/9/29,41524.28
2021/9/30,43824.1
2021/10/1,48141.61
2021/10/2,47634.9
2021/10/3,48200.01
2021/10/4,49224.94
2021/10/5,51471.99
2021/10/6,55315
2021/10/7,53785.22
2021/10/8,53951.43
2021/10/9,54949.72
2021/10/10,54659
2021/10/11,57471.35
2021/10/12,55996.93
2021/10/13,57367
2021/10/14,57347.94
2021/10/15,61672.42
2021/10/16,60875.57
2021/10/17,61528.33
2021/10/18,62009.84
2021/10/19,64280.59
2021/10/20,66001.41
2021/10/21,62193.15
2021/10/22,60688.22
2021/10/23,61286.75
2021/10/24,60852.22
2021/10/25,63078.78
2021/10/26,60328.81
2021/10/27,58413.44
2021/10/28,60575.89
2021/10/29,62253.71
2021/10/30,61859.19
2021/10/31,61299.8
2021/11/1,60911.11
2021/11/2,63219.99
2021/11/3,62896.48
2021/11/4,61395.01
2021/11/5,60937.12
2021/11/6,61470.61
2021/11/7,63273.59
2021/11/8,67525.83
2021/11/9,66947.66
2021/11/10,64882.43
2021/11/11,64774.26
2021/11/12,64122.23
2021/11/13,64380
2021/11/14,65519.1
2021/11/15,63606.74
2021/11/16,60058.87
2021/11/17,60344.87
2021/11/18,56891.62
2021/11/19,58052.24
2021/11/20,59707.51
2021/11/21,58622.02
2021/11/22,56247.18
2021/11/23,57541.27
2021/11/24,57138.29
2021/11/25,58960.36
2021/11/26,53726.53
2021/11/27,54721.03
2021/11/28,57274.88
2021/11/29,57776.25
2021/11/30,56950.56
2021/12/1,57184.07
2021/12/2,56480.34
2021/12/3,53601.05
2021/12/4,49152.47
2021/12/5,49396.33
2021/12/6,50441.92
2021/12/7,50588.95
2021/12/8,50471.19
2021/12/9,47545.59
2021/12/10,47140.54
2021/12/11,49389.99
2021/12/12,50053.9
2021/12/13,46702.75
2021/12/14,48343.28
2021/12/15,48864.98
2021/12/16,47632.38
2021/12/17,46131.2
2021/12/18,46834.48
2021/12/19,46681.23
2021/12/20,46914.16
2021/12/21,48889.88
2021/12/22,48588.16
2021/12/23,50838.81
2021/12/24,50820
2021/12/25,50399.66
2021/12/26,50775.49
2021/12/27,50701.44
2021/12/28,47543.74
2021/12/29,46464.66
2021/12/30,47120.87
2021/12/31,46216.93
2022/1/1,47722.65
2022/1/2,47286.18
2022/1/3,46446.1
2022/1/4,45832.01
2022/1/5,43451.13
2022/1/6,43082.31
2022/1/7,41566.48
2022/1/8,41679.74
2022/1/9,41864.62
2022/1/10,41822.49
2022/1/11,42729.29
2022/1/12,43902.66
2022/1/13,42560.11
2022/1/14,43059.96
2022/1/15,43084.29
2022/1/16,43071.66
2022/1/17,42201.62
2022/1/18,42352.12
2022/1/19,41660.01
2022/1/20,40680.91
2022/1/21,36445.31
2022/1/22,35071.42
2022/1/23,36244.55
2022/1/24,36660.35
2022/1/25,36958.32
2022/1/26,36809.34
2022/1/27,37160.1
2022/1/28,37716.56
2022/1/29,38166.84
2022/1/30,37881.76
2022/1/31,38466.9
2022/2/1,38694.59
2022/2/2,36896.36
2022/2/3,37311.61
2022/2/4,41574.25
2022/2/5,41382.59
2022/2/6,42380.87
2022/2/7,43839.99
2022/2/8,44042.99
2022/2/9,44372.72
2022/2/10,43495.44
2022/2/11,42373.73
2022/2/12,42217.87
2022/2/13,42053.66
2022/2/14,42535.94
2022/2/15,44544.86
2022/2/16,43873.56
2022/2/17,40515.7
2022/2/18,39974.44
2022/2/19,40079.17
2022/2/20,38386.89
2022/2/21,37008.16
2022/2/22,38230.33
2022/2/23,37250.01
2022/2/24,38327.21
2022/2/25,39219.17
2022/2/26,39116.72
2022/2/27,37699.07
2022/2/28,43160
2022/3/1,44421.2
2022/3/2,43892.98
2022/3/3,42454
2022/3/4,39148.66
2022/3/5,39397.96
2022/3/6,38420.81
2022/3/7,37988
2022/3/8,38730.63
2022/3/9,41941.71
2022/3/10,39422
2022/3/11,38729.57
2022/3/12,38807.36
2022/3/13,37777.34
2022/3/14,39671.37
2022/3/15,39280.33
2022/3/16,41114
2022/3/17,40917.9
2022/3/18,41757.51
2022/3/19,42201.13
2022/3/20,41262.11
2022/3/21,41002.25
2022/3/22,42364.13
2022/3/23,42882.76
2022/3/24,43991.46
2022/3/25,44313.16
2022/3/26,44511.27
2022/3/27,46827.76
2022/3/28,47122.21
2022/3/29,47434.8
2022/3/30,47067.99
2022/3/31,45510.34
2022/4/1,46283.49
2022/4/2,45811
2022/4/3,46407.35
2022/4/4,46580.51
2022/4/5,45497.55
2022/4/6,43170.47
2022/4/7,43444.19
2022/4/8,42252.01
2022/4/9,42753.97
2022/4/10,42158.85
2022/4/11,39530.45
2022/4/12,40074.94
2022/4/13,41147.79
2022/4/14,39942.38
2022/4/15,40551.9
2022/4/16,40378.71
2022/4/17,39678.12
2022/4/18,40801.13
2022/4/19,41493.18
2022/4/20,41358.19
2022/4/21,40480.01
2022/4/22,39709.18
2022/4/23,39441.6
2022/4/24,39450.13
2022/4/25,40426.08
2022/4/26,38112.65
2022/4/27,39235.72
2022/4/28,39742.07
2022/4/29,38596.11
2022/4/30,37630.8
2022/5/1,38468.35
2022/5/2,38525.16
2022/5/3,37728.95
2022/5/4,39690
2022/5/5,36552.97
2022/5/6,36013.77
2022/5/7,35472.39
2022/5/8,34038.4
2022/5/9,30076.31
2022/5/10,31017.1
2022/5/11,29103.94
2022/5/12,29029.75
2022/5/13,29287.05
2022/5/14,30086.74
2022/5/15,31328.89
2022/5/16,29874.01
2022/5/17,30444.93
2022/5/18,28715.32
2022/5/19,30319.23
2022/5/20,29201.01
2022/5/21,29445.06
2022/5/22,30293.94
2022/5/23,29109.15
2022/5/24,29654.58
2022/5/25,29542.15
2022/5/26,29201.35
2022/5/27,28629.8
2022/5/28,29031.33
2022/5/29,29468.1
2022/5/30,31734.22
2022/5/31,31801.04
2022/6/1,29805.83
2022/6/2,30452.62
2022/6/3,29700.21
2022/6/4,29864.04
2022/6/5,29919.21
2022/6/6,31373.1
2022/6/7,31125.33
2022/6/8,30204.77
2022/6/9,30109.93
2022/6/10,29091.88
2022/6/11,28424.7
2022/6/12,26574.53
2022/6/13,22487.41
2022/6/14,22136.41
2022/6/15,22583.72
2022/6/16,20401.31
2022/6/17,20468.81
2022/6/18,18970.79
2022/6/19,20574
2022/6/20,20573.89
2022/6/21,20723.52
2022/6/22,19987.99
2022/6/23,21110.13
2022/6/24,21237.69
2022/6/25,21491.19
2022/6/26,21038.07
2022/6/27,20742.56
2022/6/28,20281.29
2022/6/29,20123.01
2022/6/30,19942.21
2022/7/1,19279.8
2022/7/2,19252.81
2022/7/3,19315.83
2022/7/4,20236.71
2022/7/5,20175.83
2022/7/6,20564.51
2022/7/7,21624.98
2022/7/8,21594.75
2022/7/9,21591.83
2022/7/10,20862.47
2022/7/11,19963.61
2022/7/12,19328.75
2022/7/13,20234.87
2022/7/14,20588.84
2022/7/15,20830.04
2022/7/16,21195.6
2022/7/17,20798.16
2022/7/18,22432.58
2022/7/19,23396.62
2022/7/20,23223.3
2022/7/21,23152.19
2022/7/22,22684.83
2022/7/23,22451.07
2022/7/24,22579.68
2022/7/25,21310.9
2022/7/26,21254.67
2022/7/27,22952.45
2022/7/28,23842.93
2022/7/29,23773.75
2022/7/30,23643.51
2022/7/31,23293.32
2022/8/1,23268.01
2022/8/2,22987.79
2022/8/3,22818.37
2022/8/4,22622.98
2022/8/5,23312.42
2022/8/6,22954.21
2022/8/7,23174.39
2022/8/8,23810
2022/8/9,23149.95
2022/8/10,23954.05
2022/8/11,23934.39
2022/8/12,24403.68
2022/8/13,24441.38
2022/8/14,24305.24
2022/8/15,24094.82
2022/8/16,23854.74
2022/8/17,23342.66
2022/8/18,23191.2
2022/8/19,20834.39
2022/8/20,21140.07
2022/8/21,21515.61
2022/8/22,21399.83
2022/8/23,21529.12
2022/8/24,21368.08
2022/8/25,21559.04
2022/8/26,20241.05
2022/8/27,20037.6
2022/8/28,19555.61
2022/8/29,20285.73
2022/8/30,19811.66
2022/8/31,20050.02
2022/9/1,20131.46
2022/9/2,19951.86
2022/9/3,19831.9
2022/9/4,20000.3
2022/9/5,19796.84
2022/9/6,18790.61
2022/9/7,19292.84
2022/9/8,19319.77
2022/9/9,21360.11
2022/9/10,21648.34
2022/9/11,21826.87
2022/9/12,22395.74
2022/9/13,20173.57
2022/9/14,20226.71
2022/9/15,19701.88
2022/9/16,19803.3
2022/9/17,20113.62
2022/9/18,19416.18
2022/9/19,19537.02
2022/9/20,18875
2022/9/21,18461.36
2022/9/22,19401.63
2022/9/23,19289.91
2022/9/24,18920.5
2022/9/25,18807.38
2022/9/26,19227.82
2022/9/27,19079.13
2022/9/28,19412.82
2022/9/29,19591.51
2022/9/30,19422.61
2022/10/1,19310.95
2022/10/2,19056.8
2022/10/3,19629.08
2022/10/4,20337.82
2022/10/5,20158.26
2022/10/6,19960.67
2022/10/7,19530.09
2022/10/8,19417.96
2022/10/9,19439.02
2022/10/10,19131.87
2022/10/11,19060
2022/10/12,19155.53
2022/10/13,19375.13
2022/10/14,19176.93
2022/10/15,19069.39
2022/10/16,19262.98
2022/10/17,19549.86
2022/10/18,19327.44
2022/10/19,19123.97
2022/10/20,19041.92
2022/10/21,19164.37
2022/10/22,19204.35
2022/10/23,19570.4
2022/10/24,19329.72
2022/10/25,20080.07
2022/10/26,20771.59
2022/10/27,20295.11
2022/10/28,20591.84
2022/10/29,20809.67
2022/10/30,20627.48
2022/10/31,20490.74
2022/11/1,20483.62
2022/11/2,20151.84
2022/11/3,20207.82
2022/11/4,21148.52
2022/11/5,21299.37
2022/11/6,20905.58
2022/11/7,20591.13
2022/11/8,18547.23
2022/11/9,15922.81
2022/11/10,17601.15
2022/11/11,17070.31
2022/11/12,16812.08
2022/11/13,16329.85
2022/11/14,16619.46
2022/11/15,16900.57
2022/11/16,16662.76
2022/11/17,16692.56
2022/11/18,16700.45
2022/11/19,16700.68
2022/11/20,16280.23
2022/11/21,15781.29
2022/11/22,16226.94
2022/11/23,16603.11
2022/11/24,16598.95
2022/11/25,16522.14
2022/11/26,16458.57
2022/11/27,16428.78
2022/11/28,16212.91
2022/11/29,16442.53
2022/11/30,17163.64
2022/12/1,16977.37
2022/12/2,17092.74
2022/12/3,16885.2
2022/12/4,17105.7
2022/12/5,16966.35
2022/12/6,17088.96
2022/12/7,16836.64
2022/12/8,17224.1
2022/12/9,17128.56
2022/12/10,17127.49
2022/12/11,17085.05
2022/12/12,17209.83
2022/12/13,17774.7
2022/12/14,17803.15
2022/12/15,17356.34
2022/12/16,16632.12
2022/12/17,16776.52
2022/12/18,16738.21
2022/12/19,16438.88
2022/12/20,16895.56
2022/12/21,16824.67
2022/12/22,16821.43
2022/12/23,16778.5
2022/12/24,16836.12
2022/12/25,16832.11
2022/12/26,16919.39
2022/12/27,16706.36
2022/12/28,16547.31
2022/12/29,16633.47
2022/12/30,16607.48
2022/12/31,16542.4
2023/1/1,16616.75
2023/1/2,16672.87
2023/1/3,16675.18
2023/1/4,16850.36
2023/1/5,16831.85
2023/1/6,16950.65
2023/1/7,16943.57
2023/1/8,17127.83
2023/1/9,17178.26
2023/1/10,17440.66
2023/1/11,17943.26
2023/1/12,18846.62
2023/1/13,19930.01
2023/1/14,20954.92
2023/1/15,20871.5
2023/1/16,21185.65
2023/1/17,21134.81
2023/1/18,20677.47
2023/1/19,21071.59
2023/1/20,22667.21
2023/1/21,22783.55
2023/1/22,22707.88
2023/1/23,22916.45
2023/1/24,22632.89
2023/1/25,23060.94
2023/1/26,23009.65
2023/1/27,23074.16
2023/1/28,23022.6
2023/1/29,23742.3
2023/1/30,22826.15
2023/1/31,23125.13
2023/2/1,23732.66
2023/2/2,23488.94
2023/2/3,23431.9
2023/2/4,23326.84
2023/2/5,22932.91
2023/2/6,22762.52
2023/2/7,23240.46
2023/2/8,22963
2023/2/9,21796.35
2023/2/10,21625.19
2023/2/11,21862.55
2023/2/12,21783.54
2023/2/13,21773.97
2023/2/14,22199.84
2023/2/15,24324.05
2023/2/16,23517.72
2023/2/17,24569.97
2023/2/18,24631.95
2023/2/19,24271.76
2023/2/20,24842.2
2023/2/21,24452.16
2023/2/22,24182.21
2023/2/23,23940.2
2023/2/24,23185.29
2023/2/25,23157.07
2023/2/26,23554.85
2023/2/27,23492.09
2023/2/28,23141.57
2023/3/1,23628.97
2023/3/2,23465.32
2023/3/3,22354.34
2023/3/4,22346.57
2023/3/5,22430.24
2023/3/6,22410
2023/3/7,22197.96
2023/3/8,21705.44
2023/3/9,20362.22
2023/3/10,20150.69
2023/3/11,20455.73
2023/3/12,21997.11
2023/3/13,24113.48
2023/3/14,24670.41
2023/3/15,24285.66
2023/3/16,24998.78
2023/3/17,27395.13
2023/3/18,26907.49
2023/3/19,27972.87
2023/3/20,27717.01
2023/3/21,28105.47
2023/3/22,27250.97
2023/3/23,28295.41
2023/3/24,27454.47
2023/3/25,27462.95
2023/3/26,27968.05
2023/3/27,27124.91
2023/3/28,27261.07
2023/3/29,28348.6
2023/3/30,28028.53
2023/3/31,28465.36
2023/4/1,28452.73
2023/4/2,28171.87
2023/4/3,27800
2023/4/4,28165.47
2023/4/5,28170.01
2023/4/6,28033.82
2023/4/7,27906.33
2023/4/8,27938.38
2023/4/9,28323.76
2023/4/10,29637.34
2023/4/11,30200.42
2023/4/12,29888.07
2023/4/13,30373.84
2023/4/14,30466.93
2023/4/15,30295.09
2023/4/16,30304.65
2023/4/17,29430.27
2023/4/18,30380.01
2023/4/19,28797.1
2023/4/20,28243.65
2023/4/21,27262.84
2023/4/22,27816.85
2023/4/23,27590.6
2023/4/24,27510.93
2023/4/25,28300.79
2023/4/26,28415.29
2023/4/27,29472.77
2023/4/28,29311.7
2023/4/29,29230.45
2023/4/30,29233.21
2023/5/1,28068.26
2023/5/2,28669.86
2023/5/3,29026.16
2023/5/4,28838.16
2023/5/5,29505.61
2023/5/6,28848.2
2023/5/7,28430.1
2023/5/8,27668.79
2023/5/9,27628.27
2023/5/10,27598.75
2023/5/11,26968.62
2023/5/12,26795.01
2023/5/13,26775.28
2023/5/14,26917.62
2023/5/15,27162.14
2023/5/16,27033.84
2023/5/17,27405.61
2023/5/18,26821.28
2023/5/19,26880.26
2023/5/20,27102.43
2023/5/21,26747.78
2023/5/22,26849.27
2023/5/23,27219.61
2023/5/24,26329.01
2023/5/25,26473.79
2023/5/26,26705.92
2023/5/27,26854.27
2023/5/28,28065
2023/5/29,27736.4
2023/5/30,27694.4
2023/5/31,27210.35
2023/6/1,26817.93
2023/6/2,27242.59
2023/6/3,27069.22
2023/6/4,27115.21
2023/6/5,25728.2
2023/6/6,27230.08
2023/6/7,26339.34
2023/6/8,26498.61
2023/6/9,26477.81
2023/6/10,25841.21
2023/6/11,25925.55
2023/6/12,25905.19
2023/6/13,25934.25
2023/6/14,25128.6
2023/6/15,25598.49
2023/6/16,26345
2023/6/17,26516.99
2023/6/18,26339.97
2023/6/19,26844.35
2023/6/20,28307.99
2023/6/21,29993.89
2023/6/22,29884.92
2023/6/23,30688.5
2023/6/24,30527.43
2023/6/25,30462.66
2023/6/26,30267.99
2023/6/27,30692.44
2023/6/28,30077.41
2023/6/29,30447.31
2023/6/30,30472
2023/7/1,30585.9
2023/7/2,30617.03
2023/7/3,31156.2
2023/7/4,30766.51
2023/7/5,30504.81
2023/7/6,29895.43
2023/7/7,30344.7
2023/7/8,30284.63
2023/7/9,30160.71
2023/7/10,30411.57
2023/7/11,30622.1
2023/7/12,30380
2023/7/13,31454.23
2023/7/14,30312.01
2023/7/15,30289.52
2023/7/16,30231.99
2023/7/17,30138
2023/7/18,29859.13
2023/7/19,29909.21
2023/7/20,29800
2023/7/21,29901.72
2023/7/22,29794
2023/7/23,30083.75
2023/7/24,29176.5
2023/7/25,29228.91
2023/7/26,29351.96
2023/7/27,29222.78
2023/7/28,29314.14
2023/7/29,29352.9
2023/7/30,29281.09
2023/7/31,29232.25
2023/8/1,29705.99
2023/8/2,29186.01
2023/8/3,29193.64
2023/8/4,29113.99
2023/8/5,29072.13
2023/8/6,29088.42
2023/8/7,29211.06
2023/8/8,29770.42
2023/8/9,29581.99
2023/8/10,29455.75
2023/8/11,29426.03
2023/8/12,29430.17
2023/8/13,29303.84
2023/8/14,29430.93
2023/8/15,29200
2023/8/16,28730.51
2023/8/17,26623.41
2023/8/18,26054
2023/8/19,26100.01
2023/8/20,26189.99
2023/8/21,26126.92
2023/8/22,26056
2023/8/23,26432.72
2023/8/24,26180.05
2023/8/25,26060.01
2023/8/26,26017.37
2023/8/27,26101.77
2023/8/28,26120
2023/8/29,27716.34
2023/8/30,27299.99
2023/8/31,25940.78
2023/9/1,25805.05
2023/9/2,25869.51
2023/9/3,25971.21
2023/9/4,25826.02
2023/9/5,25792.1
2023/9/6,25759.95
2023/9/7,26255
2023/9/8,25910.5
2023/9/9,25901.61
2023/9/10,25841.61
2023/9/11,25162.52
2023/9/12,25840.1
2023/9/13,26222
2023/9/14,26522.73
2023/9/15,26600
2023/9/16,26559.67
2023/9/17,26527.51
2023/9/18,26762.51
2023/9/19,27210.26
2023/9/20,27125
2023/9/21,26568.08
2023/9/22,26580.14
2023/9/23,26575.96
2023/9/24,26248.38
2023/9/25,26304.81
2023/9/26,26221.67
2023/9/27,26372.99
2023/9/28,27021.39
2023/9/29,26906.96
2023/9/30,26962.56
2023/10/1,27992.57
2023/10/2,27494.51
2023/10/3,27426.46
2023/10/4,27778.57
2023/10/5,27410.39
2023/10/6,27931.09
2023/10/7,27956.67
2023/10/8,27917.05
2023/10/9,27590.12
2023/10/10,27390.12
2023/10/11,26875.52
2023/10/12,26759.63
2023/10/13,26862
2023/10/14,26852.48
2023/10/15,27154.15
2023/10/16,28500.78
2023/10/17,28395.91
2023/10/18,28320
2023/10/19,28713.71
2023/10/20,29669.04
2023/10/21,29909.8
2023/10/22,29992.46
2023/10/23,33069.99
2023/10/24,33922.73
2023/10/25,34496.05
2023/10/26,34151.66
2023/10/27,33892.02
2023/10/28,34081
2023/10/29,34525.89
2023/10/30,34474.73
2023/10/31,34639.77
2023/11/1,35421.43
2023/11/2,34941.59
2023/11/3,34716.78
2023/11/4,35062.07
2023/11/5,35011.88
2023/11/6,35046.09
2023/11/7,35399.12
2023/11/8,35624.72
2023/11/9,36701.09
2023/11/10,37301.63
2023/11/11,37130
2023/11/12,37064.13
2023/11/13,36462.93
2023/11/14,35551.19
2023/11/15,37858.2
2023/11/16,36163.51
2023/11/17,36613.92
2023/11/18,36568.1
2023/11/19,37359.86
2023/11/20,37448.78
2023/11/21,35741.65
2023/11/22,37408.34
2023/11/23,37294.28
2023/11/24,37713.57
2023/11/25,37780.67
2023/11/26,37447.43
2023/11/27,37242.7
2023/11/28,37818.87
2023/11/29,37854.64
2023/11/30,37723.96
2023/12/1,38682.52
2023/12/2,39450.35
2023/12/3,39972.26
2023/12/4,41991.1
2023/12/5,44073.32
2023/12/6,43762.69
2023/12/7,43273.14
2023/12/8,44170.99
2023/12/9,43713.6
2023/12/10,43789.51
2023/12/11,41253.4
2023/12/12,41492.39
2023/12/13,42869.03
2023/12/14,43022.26
2023/12/15,41940.3
2023/12/16,42278.03
2023/12/17,41374.65
2023/12/18,42657.8
2023/12/19,42275.99
2023/12/20,43668.93
2023/12/21,43861.8
2023/12/22,43969.04
2023/12/23,43702.16
2023/12/24,42991.5
2023/12/25,43576.13
2023/12/26,42508.93
2023/12/27,43428.85
2023/12/28,42563.76
2023/12/29,42066.95
2023/12/30,42140.28
2023/12/31,42283.58
2024/1/1,44179.55
2024/1/2,44946.91
2024/1/3,42845.23
2024/1/4,44151.1
2024/1/5,44145.11
2024/1/6,43968.32
2024/1/7,43929.02
2024/1/8,46951.04
2024/1/9,46110
2024/1/10,46653.99
2024/1/11,46339.16
2024/1/12,42782.73
2024/1/13,42847.99
2024/1/14,41732.35
2024/1/15,42511.1
2024/1/16,43137.95
2024/1/17,42776.1
2024/1/18,41327.5
2024/1/19,41659.03
2024/1/20,41696.04
2024/1/21,41580.33
2024/1/22,39568.02
2024/1/23,39897.6
2024/1/24,40084.88
2024/1/25,39961.09
2024/1/26,41823.51
2024/1/27,42120.63
2024/1/28,42031.06
2024/1/29,43302.7
2024/1/30,42941.1
2024/1/31,42580
2024/2/1,43082.94
2024/2/2,43200
2024/2/3,43011.09
2024/2/4,42582.88
2024/2/5,42708.7
2024/2/6,43098.95
2024/2/7,44349.6
2024/2/8,45288.65
2024/2/9,47132.77
2024/2/10,47751.09
2024/2/11,48299.99
2024/2/12,49917.27
2024/2/13,49699.59
2024/2/14,51795.17
2024/2/15,51880
2024/2/16,52124.11
2024/2/17,51642.64
2024/2/18,52137.67
2024/2/19,51774.73
2024/2/20,52258.82
2024/2/21,51849.39
2024/2/22,51288.42
2024/2/23,50744.15
2024/2/24,51568.22
2024/2/25,51728.85
2024/2/26,54476.47
2024/2/27,57037.34
2024/2/28,62432.1
2024/2/29,61130.98
2024/3/1,62387.9
2024/3/2,61987.28
2024/3/3,63113.97
2024/3/4,68245.71
2024/3/5,63724.01
2024/3/6,66074.04
2024/3/7,66823.17
2024/3/8,68124.19
2024/3/9,68313.27
2024/3/10,68955.88
2024/3/11,72078.1
2024/3/12,71452.01
2024/3/13,73072.41
2024/3/14,71388.94
2024/3/15,69499.85
2024/3/16,65300.63
2024/3/17,68393.48
2024/3/18,67609.99
2024/3/19,61937.4
2024/3/20,67840.51
2024/3/21,65501.27
2024/3/22,63796.64
2024/3/23,63990.01
2024/3/24,67209.99
2024/3/25,69880.01
2024/3/26,69988
2024/3/27,69469.99
2024/3/28,70780.6
2024/3/29,69850.54
2024/3/30,69582.18
2024/3/31,71280.01
2024/4/1,69649.8
2024/4/2,65463.99
2024/4/3,65963.28
2024/4/4,68487.79
2024/4/5,67820.62
2024/4/6,68896
2024/4/7,69360.39
2024/4/8,71620
2024/4/9,69146
2024/4/10,70631.08
2024/4/11,70006.23
2024/4/12,67116.52
2024/4/13,63924.51
2024/4/14,65661.84
2024/4/15,63419.99
2024/4/16,63793.39
2024/4/17,61277.37
2024/4/18,63470.08
2024/4/19,63818.01
2024/4/20,64940.59
2024/4/21,64941.15
2024/4/22,66819.32
2024/4/23,66414
2024/4/24,64289.59
2024/4/25,64498.34
2024/4/26,63770.01
2024/4/27,63461.98
2024/4/28,63118.62
2024/4/29,63866
2024/4/30,60672
2024/5/1,58364.97
2024/5/2,59060.61
2024/5/3,62882.01
2024/5/4,63892.04
2024/5/5,64012
2024/5/6,63165.19
2024/5/7,62312.08
2024/5/8,61193.03
2024/5/9,63074.01
2024/5/10,60799.99
2024/5/11,60825.99
2024/5/12,61483.99
2024/5/13,62940.08
2024/5/14,61577.49
2024/5/15,66206.5
2024/5/16,65235.21
2024/5/17,67024
2024/5/18,66915.2
2024/5/19,66274.01
2024/5/20,71446.62
2024/5/21,70148.34
2024/5/22,69166.62
2024/5/23,67969.65
2024/5/24,68549.99
2024/5/25,69290.57
2024/5/26,68507.67
2024/5/27,69436.43
2024/5/28,68398.39
2024/5/29,67652.42
2024/5/30,68352.17
2024/5/31,67540.01
2024/6/1,67766.85
2024/6/2,67765.63
2024/6/3,68809.9
2024/6/4,70537.84
2024/6/5,71108
2024/6/6,70799.06
2024/6/7,69355.6
2024/6/8,69310.46
2024/6/9,69648.14
2024/6/10,69540
2024/6/11,67314.24
2024/6/12,68263.99
2024/6/13,66773.01
2024/6/14,66043.99
2024/6/15,66228.25
2024/6/16,66676.87
2024/6/17,66504.33
2024/6/18,65175.32
2024/6/19,64974.37
2024/6/20,64869.99
2024/6/21,64143.56
2024/6/22,64262.01
2024/6/23,63210.01
2024/6/24,60293.3
2024/6/25,61806.01
2024/6/26,60864.99
2024/6/27,61706.47
2024/6/28,60427.84
2024/6/29,60986.68
2024/6/30,62772.01
2024/7/1,62899.99
2024/7/2,62135.47
2024/7/3,60208.58
2024/7/4,57050.01
2024/7/5,56628.79
2024/7/6,58230.13
2024/7/7,55857.81
2024/7/8,56714.62
2024/7/9,58050
2024/7/10,57725.85
2024/7/11,57339.89
2024/7/12,57889.1
2024/7/13,59204.02
2024/7/14,60797.91
2024/7/15,64724.14
2024/7/16,65043.99
2024/7/17,64087.99
2024/7/18,63987.92
2024/7/19,66660
2024/7/20,67139.96
2024/7/21,68165.34
2024/7/22,67532.01
2024/7/23,65936.01
2024/7/24,65376
2024/7/25,65799.95
2024/7/26,67907.99
2024/7/27,67896.5
2024/7/28,68249.88
2024/7/29,66784.69
2024/7/30,66188
2024/7/31,64628
2024/8/1,65354.02
2024/8/2,61498.33
2024/8/3,60697.99
2024/8/4,58161
2024/8/5,54018.81
2024/8/6,56022.01
2024/8/7,55134.16
2024/8/8,61685.99
2024/8/9,60837.99
2024/8/10,60923.51
2024/8/11,58712.59
2024/8/12,59346.64
2024/8/13,60587.15
2024/8/14,58683.39
2024/8/15,57541.06
2024/8/16,58874.6
2024/8/17,59491.99
2024/8/18,58427.35
2024/8/19,59438.5
2024/8/20,59013.8
2024/8/21,61156.03
2024/8/22,60375.84
2024/8/23,64037.24
2024/8/24,64157.01
2024/8/25,64220
2024/8/26,62834
2024/8/27,59415
2024/8/28,59034.9
2024/8/29,59359.01
2024/8/30,59123.99
2024/8/31,58973.99
2024/9/1,57301.86
2024/9/2,59132.13
2024/9/3,57487.73
2024/9/4,57970.9
2024/9/5,56180
2024/9/6,53962.97
2024/9/7,54160.86
2024/9/8,54869.95
2024/9/9,57042
2024/9/10,57635.99
2024/9/11,57338
2024/9/12,58132.32
2024/9/13,60498
2024/9/14,59993.03
2024/9/15,59132
2024/9/16,58213.99
2024/9/17,60313.99
2024/9/18,61759.99
2024/9/19,62947.99
2024/9/20,63201.05
2024/9/21,63348.96
2024/9/22,63578.76
2024/9/23,63339.99
2024/9/24,64262.7
2024/9/25,63152.01
2024/9/26,65173.99
2024/9/27,65769.95
2024/9/28,65858
2024/9/29,65602.01
2024/9/30,63327.59
2024/10/1,60805.78
2024/10/2,60649.28
2024/10/3,60752.71
2024/10/4,62086
2024/10/5,62058
2024/10/6,62819.91
2024/10/7,62224
2024/10/8,62160.49
2024/10/9,60636.02
2024/10/10,60326.39
2024/10/11,62540
2024/10/12,63206.22
2024/10/13,62870.02
2024/10/14,66083.99
2024/10/15,67074.14
2024/10/16,67620.01
2024/10/17,67421.78
2024/10/18,68428
2024/10/19,68378
2024/10/20,69031.99
2024/10/21,67377.5
2024/10/22,67426
2024/10/23,66668.65
2024/10/24,68198.28
2024/10/25,66698.33
2024/10/26,67092.76
2024/10/27,68021.7
2024/10/28,69962.21
2024/10/29,72736.42
2024/10/30,72344.74
2024/10/31,70292.01
2024/11/1,69496.01
2024/11/2,69374.74
2024/11/3,68775.99
2024/11/4,67850.01
2024/11/5,69372.01
2024/11/6,75571.99
2024/11/7,75857.89
2024/11/8,76509.78
2024/11/9,76677.46
2024/11/10,80370.01
2024/11/11,88647.99
2024/11/12,87952.01
2024/11/13,90375.2
2024/11/14,87325.59
2024/11/15,91032.07
2024/11/16,90586.92
2024/11/17,89855.99
2024/11/18,90464.08
2024/11/19,92310.79
2024/11/20,94286.56
2024/11/21,98317.12
2024/11/22,98892
2024/11/23,97672.4
2024/11/24,97900.04
2024/11/25,93010.01
2024/11/26,91965.16
2024/11/27,95863.11
2024/11/28,95643.98
2024/11/29,97460
2024/11/30,96407.99
2024/12/1,97185.18
2024/12/2,95840.62
2024/12/3,95849.69
2024/12/4,98587.32
2024/12/5,96945.63
2024/12/6,99740.84
2024/12/7,99831.99
2024/12/8,101109.59
2024/12/9,97276.47
2024/12/10,96593
2024/12/11,101125
2024/12/12,100004.29
2024/12/13,101424.25
2024/12/14,101420
2024/12/15,104463.99
2024/12/16,106058.66
2024/12/17,106133.74
2024/12/18,100204.01
2024/12/19,97461.86
2024/12/20,97805.44
2024/12/21,97291.99
2024/12/22,95186.27
2024/12/23,94881.47
2024/12/24,98663.58
2024/12/25,99429.6
2024/12/26,95791.6
2024/12/27,94299.03
2024/12/28,95300
2024/12/29,93738.2
2024/12/30,92792.05
2024/12/31,93576
2025/1/1,94591.79
2025/1/2,96984.79
2025/1/3,98174.18
2025/1/4,98220.5
2025/1/5,98363.61
2025/1/6,102235.6
2025/1/7,96954.61
2025/1/8,95060.61
2025/1/9,92552.49
2025/1/10,94726.11
2025/1/11,94599.99
2025/1/12,94545.06
2025/1/13,94536.1
2025/1/14,96560.86
2025/1/15,100497.35
2025/1/16,99987.3
2025/1/17,104077.48
2025/1/18,104556.23
2025/1/19,101331.57
2025/1/20,100055.43
2025/1/21,106143.82
2025/1/22,103706.66
2025/1/23,103910.34
2025/1/24,104870.5
2025/1/25,104746.85
2025/1/26,102620
2025/1/27,102082.83
2025/1/28,101335.52
2025/1/29,103733.24
2025/1/30,104722.94
2025/1/31,102429.56
2025/2/1,102224
2025/2/2,99796
2025/2/3,94495.21
2025/2/4,97763.13
2025/2/5,96612.43
2025/2/6,96554.35
2025/2/7,96506.8
2025/2/8,96444.74
2025/2/9,96462.75
2025/2/10,97430.82
2025/2/11,98461.15
2025/2/12,96179.96
2025/2/13,97821.23
2025/2/14,96707.32
2025/2/15,97633.91
2025/2/16,96118.12
2025/2/17,96849.22
2025/2/18,96105.38
2025/2/19,95607.4
2025/2/20,96649.73
2025/2/21,98300
2025/2/22,96401.96
2025/2/23,96429.99
2025/2/24,95957.43
2025/2/25,92080.93
2025/2/26,84250.09
2025/2/27,86455.42
2025/2/28,82659.59
2025/3/1,84573.79
2025/3/2,94270
2025/3/3,86220.61
2025/3/4,87281.98
2025/3/5,90283.57
2025/3/6,89931.89
2025/3/7,86801.75
2025/3/8,86400.26
2025/3/9,86294.79
2025/3/10,81192.44
2025/3/11,79029.49
2025/3/12,83488.72
2025/3/13,83915.1
2025/3/14,81688.68
2025/3/15,84227.92
2025/3/16,83905.47
2025/3/17,83272.85
2025/3/18,83018.33
2025/3/19,83010.87
2025/3/20,85905.91
2025/3/21,84711.21
2025/3/22,84037.82
2025/3/23,84067.56
2025/3/24,85664.4
2025/3/25,87257.55
2025/3/26,87796.68
2025/3/27,87466.32
2025/3/28,87269.77
2025/3/29,84250
2025/3/30,82929.05
2025/3/31,81991.99
2025/4/1,82687.1
2025/4/2,85126.47
2025/4/3,83880.01
2025/4/4,82869.74
2025/4/5,83983.8
2025/4/6,83428.97
2025/4/7,79216.47
2025/4/8,80601.07
2025/4/9,76020.29
2025/4/10,82351.19
2025/4/11,80299.17
2025/4/12,83187.28
2025/4/13,85297.84
2025/4/14,84114.71
2025/4/15,84990.57
2025/4/16,83637.79
2025/4/17,84325.76
2025/4/18,84965.57
2025/4/19,84488.86
2025/4/20,85276.2
2025/4/21,87224.4
2025/4/22,88513.49
2025/4/23,92663.32
2025/4/24,93607.99
2025/4/25,93664.14
2025/4/26,95055.48
2025/4/27,94222.29
2025/4/28,93130.44
2025/4/29,94996.61
2025/4/30,94503.4
2025/5/1,94708
2025/5/2,97003.68
